City_ID,City,Country,Date,Lat,Lng,Max Temp,Humidity,Cloudiness,Wind Speed
0,Hobart,AU,2022-06-22 03:05:30,-42.8794,147.3294,54.23,72,20,2.3
1,Kyshtovka,RU,2022-06-22 03:09:04,56.555,76.6271,61.95,74,30,12.55
2,Punta Arenas,CL,2022-06-22 03:09:04,-53.15,-70.9167,35.71,69,0,19.57
3,Avarua,CK,2022-06-22 03:09:04,-21.2078,-159.775,82.45,78,40,9.22
4,Dubbo,AU,2022-06-22 03:07:35,-32.25,148.6167,59.13,51,0,6.91
5,Mataura,NZ,2022-06-22 03:09:05,-46.1927,168.8643,47.48,64,0,0.65
6,Komsomolskiy,UZ,2022-06-22 03:09:05,40.4272,71.7189,72.32,46,100,4.61
7,Salamiyah,SY,2022-06-22 03:09:06,35.0113,37.0532,66.88,79,1,24.27
8,Vaini,TO,2022-06-22 03:09:06,-21.2,-175.2,78.96,61,20,13.8
9,Qingyuan,CN,2022-06-22 03:09:06,23.7,113.0333,89.58,77,100,8.1
10,Channagiri,IN,2022-06-22 03:09:07,14.0333,75.9333,72.37,84,100,13.09
11,Luderitz,NA,2022-06-22 03:09:07,-26.6481,15.1594,52.97,73,1,5.61
12,Nouadhibou,MR,2022-06-22 03:09:07,20.931,-17.0347,67.14,93,15,9.82
13,Erbaa,TR,2022-06-22 03:09:07,40.6689,36.5675,64.87,87,94,0.87
14,Puerto Ayora,EC,2022-06-22 03:09:08,-0.7393,-90.3518,69.55,92,48,4.0
15,Kapaa,US,2022-06-22 03:09:08,22.0752,-159.319,82.38,83,40,13.8
16,Georgetown,MY,2022-06-22 03:06:32,5.4112,100.3354,85.95,86,20,3.44
17,Krasnorechenskiy,RU,2022-06-22 03:09:09,44.6265,135.3532,57.9,100,100,3.2
18,Ridgecrest,US,2022-06-22 03:04:09,35.6225,-117.6709,93.06,8,20,13.8
19,Dikson,RU,2022-06-22 03:09:09,73.5069,80.5464,35.28,89,100,17.05
20,Aklavik,CA,2022-06-22 03:09:09,68.2191,-135.0107,72.05,29,5,10.38
21,Barrow,US,2022-06-22 03:04:16,71.2906,-156.7887,44.62,76,40,11.5
22,Talnakh,RU,2022-06-22 03:09:10,69.4865,88.3972,79.21,36,50,7.76
23,Longyearbyen,SJ,2022-06-22 03:09:10,78.2186,15.6401,42.64,70,75,20.71
24,Pevek,RU,2022-06-22 03:09:10,69.7008,170.3133,33.8,69,32,3.85
25,Pavino,RU,2022-06-22 03:09:11,59.1139,46.1414,54.61,69,15,7.25
26,Saint George,US,2022-06-22 03:09:03,37.1041,-113.5841,91.99,5,0,10.36
27,Chuy,UY,2022-06-22 03:09:11,-33.6971,-53.4616,53.2,86,96,12.55
28,Airai,TL,2022-06-22 03:09:12,-8.9266,125.4092,70.57,52,18,6.73
29,New Norfolk,AU,2022-06-22 03:09:12,-42.7826,147.0587,53.89,80,4,2.98
30,Bredasdorp,ZA,2022-06-22 03:09:12,-34.5322,20.0403,56.64,97,99,3.65
31,Severo-Kurilsk,RU,2022-06-22 03:08:58,50.6789,156.125,49.95,88,70,9.55
32,Avera,US,2022-06-22 03:07:37,33.194,-82.5271,74.71,29,99,6.76
33,Castro,BR,2022-06-22 03:06:54,-24.7911,-50.0119,59.38,91,54,5.48
34,Mayo,US,2022-06-22 03:09:13,38.8876,-76.5119,75.13,84,0,4.61
35,Saint-Philippe,RE,2022-06-22 03:09:13,-21.3585,55.7679,63.99,68,18,8.84
36,Santa Ana,US,2022-06-22 03:09:14,33.7456,-117.8678,85.64,59,75,9.22
37,Vila Velha,BR,2022-06-22 03:07:44,-20.3297,-40.2925,69.94,93,0,3.44
38,Mackay,AU,2022-06-22 03:09:14,-21.15,149.2,75.69,69,94,17.98
39,Tongchuan,CN,2022-06-22 03:09:15,35.0806,109.0897,91.31,44,81,3.24
40,Saldanha,ZA,2022-06-22 03:09:15,-33.0117,17.9442,59.43,80,100,5.19
41,Adrar,MR,2022-06-22 03:09:15,20.5022,-10.0711,84.74,45,10,7.27
42,Jalu,LY,2022-06-22 03:09:16,29.0331,21.5482,76.23,32,0,5.66
43,Busselton,AU,2022-06-22 03:09:16,-33.65,115.3333,66.18,68,69,16.58
44,Beringovskiy,RU,2022-06-22 03:09:16,63.05,179.3167,52.68,69,100,7.99
45,Westport,US,2022-06-22 03:09:16,41.1415,-73.3579,67.55,94,100,10.36
46,Rikitea,PF,2022-06-22 03:09:17,-23.1203,-134.9692,73.22,65,40,9.66
47,Port Hardy,CA,2022-06-22 03:10:17,50.6996,-127.4199,53.78,100,100,8.05
48,Bluff,NZ,2022-06-22 03:10:17,-46.6,168.3333,47.8,73,3,4.07
49,Kaitangata,NZ,2022-06-22 03:10:18,-46.2817,169.8464,46.35,57,0,1.3
50,Port Alfred,ZA,2022-06-22 03:10:18,-33.5906,26.891,64.06,86,100,15.37
51,Leningradskiy,RU,2022-06-22 03:10:18,69.3833,178.4167,36.43,68,36,6.78
52,Waddan,LY,2022-06-22 03:10:19,29.1614,16.139,73.15,48,0,6.26
53,Lebu,CL,2022-06-22 03:10:19,-37.6167,-73.65,49.48,86,95,4.45
54,Mar Del Plata,AR,2022-06-22 03:10:20,-38.0023,-57.5575,45.09,57,25,5.99
55,Ponta Do Sol,PT,2022-06-22 03:10:20,32.6667,-17.1,66.83,61,18,5.12
56,Kavieng,PG,2022-06-22 03:10:20,-2.5744,150.7967,83.39,69,56,2.51
57,East London,ZA,2022-06-22 03:10:21,-33.0153,27.9116,64.33,81,100,12.35
58,Atuona,PF,2022-06-22 03:10:21,-9.8,-139.0333,77.94,76,7,23.38
59,Sri Aman,MY,2022-06-22 03:10:22,1.2376,111.4621,84.29,77,44,1.7
60,Torbay,CA,2022-06-22 03:10:22,47.6666,-52.7314,61.88,94,100,3.85
61,Marang,MY,2022-06-22 03:10:22,5.2056,103.2059,82.45,75,100,5.17
62,Bonavista,CA,2022-06-22 03:10:23,48.6499,-53.1147,47.1,97,100,5.03
63,Bambous Virieux,MU,2022-06-22 03:10:23,-20.3428,57.7575,65.21,88,40,4.61
64,Jati,PK,2022-06-22 03:10:23,24.3539,68.2671,86.67,63,46,10.36
65,Hare Bay,CA,2022-06-22 03:10:24,48.8499,-54.0148,45.75,95,100,2.04
66,Chokurdakh,RU,2022-06-22 03:10:24,70.6333,147.9167,58.78,40,100,16.98
67,Geraldton,AU,2022-06-22 03:10:24,-28.7667,114.6,66.61,68,0,11.5
68,Carnarvon,AU,2022-06-22 03:10:25,-24.8667,113.6333,73.9,38,1,2.3
69,Ainazi,LV,2022-06-22 03:10:25,57.8636,24.3578,52.05,75,1,5.84
70,Ushuaia,AR,2022-06-22 03:10:16,-54.8,-68.3,37.06,81,40,26.46
71,Puerto Escondido,MX,2022-06-22 03:10:26,15.85,-97.0667,79.81,86,100,12.62
72,Tasiilaq,GL,2022-06-22 03:10:26,65.6145,-37.6368,33.96,90,59,2.21
73,San Patricio,US,2022-06-22 03:10:26,28.017,-97.5169,84.88,72,35,13.35
74,Codrington,AU,2022-06-22 03:10:27,-38.2667,141.9667,59.09,71,100,10.47
75,Nyrsko,CZ,2022-06-22 03:10:27,49.2939,13.1435,61.27,73,87,3.33
76,Albany,US,2022-06-22 03:08:46,42.6001,-73.9662,61.27,91,100,1.99
77,Luanda,AO,2022-06-22 03:05:41,-8.8368,13.2343,68.0,83,75,3.44
78,Vagur,FO,2022-06-22 03:10:27,61.4732,-6.8119,48.9,95,100,29.84
79,Lensk,RU,2022-06-22 03:10:28,60.7253,114.9278,67.55,52,100,7.92
80,Ayan,RU,2022-06-22 03:10:28,56.45,138.1667,49.26,90,40,9.26
81,Namibe,AO,2022-06-22 03:10:28,-15.1961,12.1522,59.99,61,0,4.72
82,Tremedal,BR,2022-06-22 03:10:29,-14.9758,-41.4108,65.35,77,77,5.59
83,Caravelas,BR,2022-06-22 03:10:29,-17.7125,-39.2481,70.0,91,16,2.17
84,Cape Town,ZA,2022-06-22 03:10:29,-33.9258,18.4232,61.38,86,20,3.0
85,Lavrentiya,RU,2022-06-22 03:10:30,65.5833,-171.0,42.3,90,100,8.32
86,Khatanga,RU,2022-06-22 03:10:30,71.9667,102.5,51.93,60,100,10.36
87,Hermanus,ZA,2022-06-22 03:11:31,-34.4187,19.2345,55.8,83,100,7.05
88,Baruun-Urt,MN,2022-06-22 03:11:31,46.6806,113.2792,78.84,37,100,15.55
89,Sapa,PH,2022-06-22 03:11:31,5.1544,120.3241,84.16,66,24,3.36
90,Nanortalik,GL,2022-06-22 03:11:32,60.1432,-45.2371,36.99,88,78,16.78
91,Kon Tum,VN,2022-06-22 03:11:32,14.35,108.0,84.25,63,91,3.87
92,Ambanja,MG,2022-06-22 03:11:32,-13.6833,48.45,66.78,75,5,3.62
93,Linkuva,LT,2022-06-22 03:11:33,56.0856,23.9725,50.67,89,2,6.46
94,Russell,US,2022-06-22 03:11:33,32.3502,-85.1999,80.96,83,0,0.0
95,Kathu,TH,2022-06-22 03:11:34,7.9178,98.3332,82.69,99,100,7.47
96,Cap Malheureux,MU,2022-06-22 03:11:34,-19.9842,57.6142,65.46,68,0,3.0
97,Raghunathpur,IN,2022-06-22 03:11:34,23.55,86.6667,88.57,56,63,3.4
98,Bengkulu,ID,2022-06-22 03:11:34,-3.8004,102.2655,82.38,66,71,2.35
99,San Carlos De Bariloche,AR,2022-06-22 03:10:05,-41.1456,-71.3082,28.27,86,98,4.99
100,Lompoc,US,2022-06-22 03:11:35,34.6391,-120.4579,66.94,87,0,9.22
101,Klaksvik,FO,2022-06-22 03:11:35,62.2266,-6.589,49.12,93,99,28.77
102,Isangel,VU,2022-06-22 03:11:36,-19.55,169.2667,74.39,57,51,11.52
103,Qaanaaq,GL,2022-06-22 03:11:36,77.484,-69.3632,34.66,68,97,4.34
104,Portland,US,2022-06-22 03:08:07,45.5234,-122.6762,78.78,56,20,12.66
105,Kieta,PG,2022-06-22 03:11:37,-6.2167,155.6333,84.52,71,73,5.95
106,Mubi,NG,2022-06-22 03:11:37,10.2676,13.2644,75.54,73,100,3.09
107,Faya,SA,2022-06-22 03:11:37,18.3851,42.4509,64.92,31,90,3.11
108,Taltal,CL,2022-06-22 03:11:37,-25.4,-70.4833,53.67,76,0,2.82
109,Bang Saphan,TH,2022-06-22 03:09:10,11.2126,99.5117,86.61,65,91,4.5
110,Belmonte,BR,2022-06-22 03:11:38,-15.8631,-38.8828,71.4,82,23,4.97
111,Celestun,MX,2022-06-22 03:11:38,20.8667,-90.4,79.9,79,98,13.58
112,Bethel,US,2022-06-22 03:11:39,41.3712,-73.414,65.48,92,100,3.44
113,Ixtapa,MX,2022-06-22 03:09:23,20.7,-105.2,83.23,83,75,6.91
114,Darnah,LY,2022-06-22 03:11:39,32.767,22.6367,72.37,80,0,16.2
115,Kurumkan,RU,2022-06-22 03:11:39,54.3,110.3,67.32,54,57,3.02
116,Batagay,RU,2022-06-22 03:11:40,67.6333,134.6333,73.24,30,88,15.28
117,Rongcheng,CN,2022-06-22 03:11:40,30.634,117.8517,87.91,64,80,8.93
118,Vaitape,PF,2022-06-22 03:11:40,-16.5167,-151.75,80.55,69,31,14.2
119,Zilair,RU,2022-06-22 03:11:41,52.2332,57.4392,58.73,77,41,6.64
120,General Roca,AR,2022-06-22 03:11:41,-39.0333,-67.5833,40.62,62,100,8.16
121,Batemans Bay,AU,2022-06-22 03:11:41,-35.7167,150.1833,62.62,36,52,1.36
122,Hofn,IS,2022-06-22 03:11:42,64.2539,-15.2082,49.89,78,41,6.22
123,Yaguajay,CU,2022-06-22 03:11:42,22.3272,-79.2378,77.9,84,74,6.73
124,Nemuro,JP,2022-06-22 03:11:42,43.3236,145.575,51.22,89,17,8.46
125,Paracatu,BR,2022-06-22 03:11:43,-17.2222,-46.8747,60.8,59,13,2.24
126,Lima,PE,2022-06-22 03:11:14,-12.0432,-77.0282,59.25,77,0,6.91
127,Roma,US,2022-06-22 03:06:50,43.2128,-75.4557,69.87,84,20,1.01
128,Beloha,MG,2022-06-22 03:07:20,-25.1667,45.05,63.16,73,100,10.36
129,Buenos Aires,AR,2022-06-22 03:09:17,-34.6132,-58.3772,46.94,71,0,11.5
130,Skibbereen,IE,2022-06-22 03:11:43,51.55,-9.2667,58.1,86,100,3.65
131,Kapustin Yar,RU,2022-06-22 03:11:44,48.5831,45.7372,76.14,41,70,6.8
132,Mahebourg,MU,2022-06-22 03:11:44,-20.4081,57.7,65.25,88,40,4.61
133,Kodiak,US,2022-06-22 03:12:44,57.79,-152.4072,72.91,38,0,13.8
134,Yar-Sale,RU,2022-06-22 03:12:45,66.8333,70.8333,69.4,63,73,6.98
135,Fuling,CN,2022-06-22 03:12:45,29.7022,107.3919,90.7,64,100,1.79
136,Clyde River,CA,2022-06-22 03:12:45,70.4692,-68.5914,34.88,87,24,4.41
137,Fort Nelson,CA,2022-06-22 03:12:46,58.8053,-122.7002,71.31,37,75,2.28
138,Jamestown,US,2022-06-22 03:12:46,42.097,-79.2353,78.39,63,0,4.61
139,Spirit River,CA,2022-06-22 03:12:46,55.7833,-118.8361,58.37,71,98,10.71
140,Hami,CN,2022-06-22 03:12:46,42.8,93.45,92.08,12,0,12.75
141,Banda Aceh,ID,2022-06-22 03:12:47,5.5577,95.3222,84.42,63,80,6.73
142,Kuznechnoye,RU,2022-06-22 03:12:47,61.12,29.8686,50.4,75,9,1.77
143,Kashi,CN,2022-06-22 03:12:47,39.4547,75.9797,70.79,41,100,6.82
144,Victoria,HK,2022-06-22 03:10:18,22.2855,114.1577,88.97,75,95,10.0
145,Shihezi,CN,2022-06-22 03:12:48,44.3,86.0333,93.29,13,51,5.82
146,Charters Towers,AU,2022-06-22 03:12:48,-20.1,146.2667,74.3,34,61,14.85
147,Belaya Gora,RU,2022-06-22 03:12:48,68.5333,146.4167,66.63,34,100,14.83
148,Sao Filipe,CV,2022-06-22 03:12:49,14.8961,-24.4956,75.15,89,8,2.64
149,Katsuura,JP,2022-06-22 03:12:49,35.1333,140.3,75.07,83,89,4.36
150,Yellowknife,CA,2022-06-22 03:12:49,62.456,-114.3525,68.88,41,8,5.23
151,Thompson,CA,2022-06-22 03:12:50,55.7435,-97.8558,61.79,39,40,8.68
152,Sarahan,IN,2022-06-22 03:12:50,31.5167,77.8,66.81,44,37,3.78
153,Veraval,IN,2022-06-22 03:12:50,20.9,70.3667,86.59,67,67,7.96
154,Guerrero Negro,MX,2022-06-22 03:12:51,27.9769,-114.0611,70.56,63,6,13.8
155,Kalangala,UG,2022-06-22 03:12:51,-0.3089,32.225,70.14,63,65,3.65
156,Khani,GE,2022-06-22 03:12:51,41.9563,42.9566,56.77,100,100,3.62
157,Vao,NC,2022-06-22 03:12:52,-22.6667,167.4833,70.47,57,98,10.33
158,Algiers,DZ,2022-06-22 03:09:41,36.7525,3.042,71.42,73,75,3.44
159,Hilo,US,2022-06-22 03:11:12,19.7297,-155.09,79.29,88,100,6.91
160,Grindavik,IS,2022-06-22 03:12:53,63.8424,-22.4338,46.87,87,40,24.16
161,Long Branch,US,2022-06-22 03:10:33,40.3043,-73.9924,69.3,90,75,5.75
162,Tiksi,RU,2022-06-22 03:12:53,71.6872,128.8694,37.87,85,100,16.6
163,Tuktoyaktuk,CA,2022-06-22 03:12:53,69.4541,-133.0374,47.5,50,1,10.74
164,Shirone,JP,2022-06-22 03:12:54,37.7667,139.0167,88.93,50,76,6.91
165,Qeshm,IR,2022-06-22 03:12:54,26.9581,56.2719,85.87,63,7,3.91
166,Worpswede,DE,2022-06-22 03:12:54,53.2167,8.9333,49.98,90,73,1.52
167,Fortuna,US,2022-06-22 03:12:55,40.5982,-124.1573,62.98,76,0,1.01
168,Vuktyl,RU,2022-06-22 03:12:55,63.8567,57.3094,56.1,75,100,13.67
169,Jacareacanga,BR,2022-06-22 03:12:55,-6.2222,-57.7528,71.4,66,6,2.04
170,Woodward,US,2022-06-22 03:12:55,36.4337,-99.3904,83.97,45,75,13.8
171,Tazovskiy,RU,2022-06-22 03:12:56,67.4667,78.7,73.6,47,46,12.53
172,Kavaratti,IN,2022-06-22 03:12:56,10.5669,72.642,82.62,76,100,19.73
173,Hasaki,JP,2022-06-22 03:12:57,35.7333,140.8333,75.29,85,100,11.14
174,Culpeper,US,2022-06-22 03:12:57,38.5004,-77.9664,72.16,83,0,0.0
175,Ancud,CL,2022-06-22 03:12:57,-41.8697,-73.8203,38.23,76,100,9.24
176,Laguna,US,2022-06-22 03:12:58,38.421,-121.4238,98.89,14,0,9.22
177,Nimaj,IN,2022-06-22 03:12:58,26.1497,74.0,87.1,60,1,12.17
178,Kuching,MY,2022-06-22 03:12:58,1.55,110.3333,84.42,84,40,3.44
179,Bay Roberts,CA,2022-06-22 03:13:59,47.5999,-53.2648,62.65,94,100,5.03
180,Batagay-Alyta,RU,2022-06-22 03:13:59,67.8006,130.4114,63.97,45,100,18.81
181,Oussouye,SN,2022-06-22 03:13:59,12.485,-16.5469,80.11,79,100,8.95
182,Khandyga,RU,2022-06-22 03:14:00,62.6667,135.6,73.98,54,100,0.56
183,Provideniya,RU,2022-06-22 03:14:00,64.3833,-173.3,41.36,100,100,8.99
184,Valparaiso,CL,2022-06-22 03:12:14,-33.0393,-71.6273,55.47,73,75,4.61
185,Pisco,PE,2022-06-22 03:14:00,-13.7,-76.2167,58.01,88,75,2.3
186,Tuatapere,NZ,2022-06-22 03:14:01,-46.1333,167.6833,49.28,63,6,1.39
187,Krasnyye Tkachi,RU,2022-06-22 03:14:01,57.4926,39.7563,51.62,90,92,7.96
188,Yaan,NG,2022-06-22 03:14:01,7.3833,8.5667,72.16,95,100,3.91
189,Port Lincoln,AU,2022-06-22 03:14:02,-34.7333,135.8667,62.64,73,100,14.81
190,Awbari,LY,2022-06-22 03:14:02,26.5921,12.7805,82.89,18,0,8.1
191,High Prairie,CA,2022-06-22 03:14:02,55.4334,-116.4858,57.07,89,100,3.67
192,Hambantota,LK,2022-06-22 03:14:03,6.1241,81.1185,83.05,71,100,18.7
193,Vanimo,PG,2022-06-22 03:14:03,-2.6741,141.3028,85.68,62,29,4.43
194,Kutum,SD,2022-06-22 03:14:03,14.2,24.6667,75.74,54,10,8.48
195,Cidreira,BR,2022-06-22 03:14:04,-30.1811,-50.2056,61.43,94,100,9.48
196,Ponta Delgada,PT,2022-06-22 03:14:04,37.7333,-25.6667,64.51,82,40,12.66
197,Kaseda,JP,2022-06-22 03:14:05,31.4167,130.3167,75.99,90,99,7.61
198,San Cristobal,VE,2022-06-22 03:14:05,7.7669,-72.225,68.18,98,41,3.18
199,Okha,RU,2022-06-22 03:14:05,53.5739,142.9478,57.52,75,24,19.64
200,Margate,GB,2022-06-22 03:14:06,51.3813,1.3862,57.31,96,6,1.01
201,North Bend,US,2022-06-22 03:14:06,43.4065,-124.2243,73.24,82,0,20.71
202,Deputatskiy,RU,2022-06-22 03:14:06,69.3,139.9,50.79,63,100,20.94
203,Bowen,AU,2022-06-22 03:14:07,-20.0167,148.2333,73.54,57,75,14.0
204,Gorontalo,ID,2022-06-22 03:14:07,0.5412,123.0595,86.43,65,100,2.68
205,Garowe,SO,2022-06-22 03:14:07,8.4054,48.4845,73.62,65,100,26.33
206,Nikolskoye,RU,2022-06-22 03:14:07,59.7035,30.7861,52.81,73,4,2.71
207,Pali,IN,2022-06-22 03:14:08,25.7667,73.3333,87.28,61,91,12.01
208,Ribeira Grande,PT,2022-06-22 03:14:08,38.5167,-28.7,64.35,84,10,19.46
209,Hay River,CA,2022-06-22 03:14:08,60.8156,-115.7999,61.27,56,37,5.12
210,Ciudad Bolivar,VE,2022-06-22 03:14:09,8.1222,-63.5497,77.23,85,98,8.81
211,Santa Cruz Del Sur,CU,2022-06-22 03:14:09,20.7147,-77.9956,75.74,89,23,11.48
212,Huadian,CN,2022-06-22 03:14:09,42.9633,126.7478,65.66,97,100,2.39
213,Fermoy,IE,2022-06-22 03:14:10,52.1358,-8.2758,58.44,93,100,3.67
214,Taman,RU,2022-06-22 03:14:10,45.2117,36.7161,70.47,77,28,18.1
215,Kandrian,PG,2022-06-22 03:14:10,-6.2167,149.55,83.89,73,91,9.51
216,Gazojak,TM,2022-06-22 03:14:11,41.1875,61.4036,85.19,18,0,11.68
217,Sao Jose Da Coroa Grande,BR,2022-06-22 03:14:11,-8.8978,-35.1478,75.49,85,93,10.04
218,Zambrow,PL,2022-06-22 03:14:12,52.9855,22.2432,49.64,94,70,9.53
219,Beibei,CN,2022-06-22 03:14:12,29.8256,106.4339,92.37,64,100,5.3
220,Brae,GB,2022-06-22 03:14:12,60.3964,-1.353,50.83,92,100,15.35
221,Ilhabela,BR,2022-06-22 03:14:13,-23.7781,-45.3581,69.76,79,5,4.79
222,Harper,LR,2022-06-22 03:14:13,4.375,-7.7169,74.43,92,100,5.82
223,Faanui,PF,2022-06-22 03:14:13,-16.4833,-151.75,80.56,69,37,14.38
224,Husavik,IS,2022-06-22 03:14:13,66.0449,-17.3389,47.37,82,51,10.27
225,Coquimbo,CL,2022-06-22 03:14:14,-29.9533,-71.3436,56.93,67,100,12.66
226,Baykit,RU,2022-06-22 03:14:14,61.67,96.37,74.64,30,69,4.16
227,Rudnogorsk,RU,2022-06-22 03:15:15,57.2639,103.7519,59.4,51,85,7.9
228,Esperance,AU,2022-06-22 03:11:08,-33.8667,121.9,65.7,52,44,17.18
229,Amboasary,MG,2022-06-22 03:15:15,-25.0333,46.3833,64.08,84,90,9.17
230,Naze,JP,2022-06-22 03:15:15,28.3667,129.4833,81.52,79,1,12.64
231,Vostok,RU,2022-06-22 03:15:16,46.4856,135.8833,71.87,64,100,3.36
232,Lazaro Cardenas,MX,2022-06-22 03:15:16,17.9583,-102.2,80.4,80,100,2.64
233,Mega,ET,2022-06-22 03:15:16,4.05,38.3,53.38,94,60,11.03
234,Lorengau,PG,2022-06-22 03:15:17,-2.0226,147.2712,84.09,70,100,7.27
235,Hithadhoo,MV,2022-06-22 03:15:17,-0.6,73.0833,84.42,70,100,9.51
236,Nhulunbuy,AU,2022-06-22 03:15:18,-12.2333,136.7667,83.01,65,75,19.57
237,Sovetskiy,RU,2022-06-22 03:15:18,61.3614,63.5842,62.6,86,87,8.81
238,Verkhnevilyuysk,RU,2022-06-22 03:15:18,63.4453,120.3167,73.9,28,71,4.79
239,Senador Jose Porfirio,BR,2022-06-22 03:15:19,-2.5908,-51.9542,77.43,77,96,2.46
240,Harbour Breton,CA,2022-06-22 03:15:19,47.4833,-55.7983,51.28,88,94,7.18
241,Kontagora,NG,2022-06-22 03:15:19,10.3999,5.4695,72.48,86,100,5.5
242,Bismarck,US,2022-06-22 03:15:20,46.8083,-100.7837,69.64,64,75,9.22
243,Fukue,JP,2022-06-22 03:15:20,32.6881,128.8419,75.31,86,5,11.05
244,Mount Isa,AU,2022-06-22 03:15:21,-20.7333,139.5,76.77,31,0,14.97
245,Sao Gabriel Da Cachoeira,BR,2022-06-22 03:15:21,-0.1303,-67.0892,71.35,99,95,1.57
246,Norman Wells,CA,2022-06-22 03:15:21,65.282,-126.8329,59.04,82,75,18.41
247,Lasa,IT,2022-06-22 03:15:22,46.6166,10.7002,59.88,84,47,1.99
248,Inhambane,MZ,2022-06-22 03:15:22,-23.865,35.3833,67.8,84,56,10.22
249,Gimli,CA,2022-06-22 03:11:03,50.6336,-96.9907,55.81,89,100,12.15
250,Mokhsogollokh,RU,2022-06-22 03:15:22,61.4681,128.9203,77.32,46,100,6.13
251,Cockburn Town,TC,2022-06-22 03:15:23,21.4612,-71.1419,80.69,78,100,9.6
252,Jumla,NP,2022-06-22 03:15:23,29.2747,82.1838,68.92,57,26,4.0
253,Atasu,KZ,2022-06-22 03:15:23,48.6814,71.6433,78.67,38,27,10.71
254,Te Anau,NZ,2022-06-22 03:15:24,-45.4167,167.7167,43.63,75,38,1.19
255,Vila Franca Do Campo,PT,2022-06-22 03:15:24,37.7167,-25.4333,64.2,83,34,8.57
256,Fairbanks,US,2022-06-22 03:12:16,64.8378,-147.7164,74.91,54,75,9.22
257,Umea,SE,2022-06-22 03:15:25,63.8284,20.2597,51.91,66,100,12.66
258,Gat,IL,2022-06-22 03:11:03,31.61,34.7642,74.08,100,43,8.81
259,Wuwei,CN,2022-06-22 03:15:25,37.9281,102.6414,77.09,31,36,4.34
260,Bichura,RU,2022-06-22 03:15:26,50.5881,107.6022,72.81,49,24,3.29
261,Obo,CF,2022-06-22 03:15:26,5.3998,26.4869,64.78,97,9,1.43
262,Cayenne,GF,2022-06-22 03:11:51,4.9333,-52.3333,78.1,1,100,1.14
263,Saskylakh,RU,2022-06-22 03:15:26,71.9167,114.0833,49.42,51,52,7.7
264,Kirakira,SB,2022-06-22 03:15:27,-10.4544,161.9205,84.09,73,17,7.27
265,Ahipara,NZ,2022-06-22 03:15:27,-35.1667,173.1667,56.17,58,100,0.98
266,Vardo,NO,2022-06-22 03:15:27,70.3705,31.1107,49.98,87,100,2.3
267,Ilulissat,GL,2022-06-22 03:15:28,69.2167,-51.1,32.02,100,100,5.75
268,Paramonga,PE,2022-06-22 03:15:28,-10.6667,-77.8333,62.28,81,88,7.34
269,Coahuayana,MX,2022-06-22 03:15:28,18.7333,-103.6833,79.7,86,100,2.01
270,Narsaq,GL,2022-06-22 03:15:29,60.9167,-46.05,44.82,78,0,1.03
271,Goderich,CA,2022-06-22 03:16:29,43.7501,-81.7165,68.88,85,95,12.06
272,Grand Gaube,MU,2022-06-22 03:16:29,-20.0064,57.6608,65.37,68,0,3.0
273,Salinas,US,2022-06-22 03:14:20,36.6777,-121.6555,86.61,22,0,8.05
274,Davila,PH,2022-06-22 03:16:30,18.4726,120.5763,85.98,69,5,9.62
275,Bulgan,MN,2022-06-22 03:16:30,48.8125,103.5347,72.37,35,27,14.2
276,Wanning,CN,2022-06-22 03:16:30,18.8003,110.3967,87.85,71,100,12.5
277,Parana,AR,2022-06-22 03:16:31,-31.732,-60.5238,50.47,79,68,11.83
278,High Level,CA,2022-06-22 03:16:31,58.5169,-117.136,59.11,94,75,3.44
279,Linfen,CN,2022-06-22 03:16:31,36.0889,111.5189,94.96,28,100,0.74
280,Arinos,BR,2022-06-22 03:16:32,-15.9169,-46.1056,61.99,68,54,1.59
281,Huarmey,PE,2022-06-22 03:16:32,-10.0681,-78.1522,62.49,83,78,7.67
282,Irbit,RU,2022-06-22 03:16:32,57.6705,63.071,59.58,78,83,13.85
283,Darhan,MN,2022-06-22 03:16:33,49.4867,105.9228,68.2,60,69,3.96
284,Udachnyy,RU,2022-06-22 03:16:33,66.4167,112.4,80.46,25,58,10.74
285,Sisimiut,GL,2022-06-22 03:16:33,66.9395,-53.6735,34.75,99,100,8.93
286,San Vicente,AR,2022-06-22 03:16:34,-26.6167,-54.1333,61.77,98,88,3.22
287,Ferrol,ES,2022-06-22 03:14:30,43.4832,-8.2369,59.72,91,100,1.16
288,Hobyo,SO,2022-06-22 03:16:34,5.3505,48.5268,77.27,82,96,22.66
289,Pangody,RU,2022-06-22 03:16:34,65.85,74.4859,77.54,45,92,13.06
290,Suntar,RU,2022-06-22 03:16:35,62.1444,117.6319,72.0,26,100,5.66
291,Coihaique,CL,2022-06-22 03:15:58,-45.5752,-72.0662,21.15,93,0,1.14
292,Butaritari,KI,2022-06-22 03:16:35,3.0707,172.7902,83.12,70,47,14.65
293,Dudinka,RU,2022-06-22 03:16:35,69.4058,86.1778,79.63,35,48,13.71
294,Tynda,RU,2022-06-22 03:16:36,55.1667,124.7167,63.46,76,85,10.07
295,San Quintin,MX,2022-06-22 03:16:36,30.4833,-115.95,68.54,69,13,6.69
296,Luau,AO,2022-06-22 03:16:36,-10.7073,22.2247,55.94,51,0,4.21
297,Yumen,CN,2022-06-22 03:16:37,40.2833,97.2,81.79,18,0,9.01
298,Cherskiy,RU,2022-06-22 03:16:37,68.75,161.3,55.72,33,6,7.47
299,Nakhon Nayok,TH,2022-06-22 03:16:37,14.1667,101.1,91.98,64,100,4.45
300,Mangochi,MW,2022-06-22 03:16:38,-14.4782,35.2645,58.69,91,12,7.25
301,Labuhan,ID,2022-06-22 03:16:38,-6.8844,112.2051,83.19,69,100,4.32
302,Pacific Grove,US,2022-06-22 03:16:38,36.6177,-121.9166,71.22,77,0,1.01
303,Tilichiki,RU,2022-06-22 03:16:39,60.4667,166.1,46.35,93,100,4.63
304,Port Macquarie,AU,2022-06-22 03:16:39,-31.4333,152.9167,67.89,42,8,9.98
305,Hun,LY,2022-06-22 03:16:39,29.1268,15.9477,73.65,47,0,6.42
306,Corinto,GR,2022-06-22 03:16:40,37.9407,22.9573,72.41,72,0,4.7
307,Ban Nahin,LA,2022-06-22 03:16:40,18.2418,104.2122,87.78,63,88,3.27
308,Hokitika,NZ,2022-06-22 03:16:40,-42.7167,170.9667,49.96,53,8,1.79
309,Husainabad,IN,2022-06-22 03:16:41,24.5333,84.0167,89.73,49,62,1.68
310,Alot,IN,2022-06-22 03:16:41,23.7667,75.55,82.44,68,2,8.99
311,Marrakesh,MA,2022-06-22 03:12:20,31.6315,-8.0083,64.47,68,0,5.75
312,Maniitsoq,GL,2022-06-22 03:16:41,65.4167,-52.9,35.22,84,71,8.37
313,Turayf,SA,2022-06-22 03:16:42,31.6725,38.6637,61.05,88,0,11.5
314,Santa Lucia,ES,2022-06-22 03:16:42,27.9117,-15.5407,61.92,68,75,12.66
315,Beysehir,TR,2022-06-22 03:16:42,37.6773,31.7246,56.57,74,0,5.35
316,Salalah,OM,2022-06-22 03:16:43,17.0151,54.0924,82.49,89,75,11.5
317,Antofagasta,CL,2022-06-22 03:16:43,-23.65,-70.4,52.88,75,0,3.44
318,Okahandja,NA,2022-06-22 03:17:43,-21.9833,16.9167,35.85,83,0,2.33
319,Ayagoz,KZ,2022-06-22 03:17:44,47.9714,80.4392,83.37,28,2,9.46
320,Gwadar,PK,2022-06-22 03:17:44,25.1216,62.3254,82.33,86,17,4.14
321,Port Elizabeth,ZA,2022-06-22 03:17:44,-33.918,25.5701,53.89,100,0,3.44
322,Muncar,ID,2022-06-22 03:17:45,-8.4333,114.3333,82.08,76,22,8.57
323,Nicoya,CR,2022-06-22 03:17:45,10.1483,-85.452,72.32,89,100,7.85
324,Aripuana,BR,2022-06-22 03:17:45,-9.1667,-60.6333,70.79,59,91,1.14
325,Bilma,NE,2022-06-22 03:17:46,18.6853,12.9164,88.12,18,0,6.6
326,Acapulco,MX,2022-06-22 03:17:46,16.8634,-99.8901,78.62,89,100,9.22
327,Bridlington,GB,2022-06-22 03:17:46,54.0831,-0.1919,58.14,89,19,0.67
328,Bubaque,GW,2022-06-22 03:17:47,11.2833,-15.8333,81.52,78,100,9.89
329,Robertsport,LR,2022-06-22 03:17:47,6.7533,-11.3686,76.06,84,100,14.56
330,Yuci,CN,2022-06-22 03:17:47,37.6803,112.7319,85.75,42,40,4.47
331,Alta Floresta,BR,2022-06-22 03:17:48,-9.8756,-56.0861,68.04,54,9,2.04
332,Sterling,US,2022-06-22 03:17:48,39.0062,-77.4286,74.16,73,20,5.01
333,Mayumba,GA,2022-06-22 03:17:19,-3.432,10.6554,69.62,86,78,4.7
334,Panzhihua,CN,2022-06-22 03:17:49,26.5851,101.7128,85.28,57,99,4.36
335,Muli,MV,2022-06-22 03:17:49,2.9167,73.5667,83.43,72,100,9.8
336,Miles City,US,2022-06-22 03:13:09,46.4083,-105.8406,68.97,45,0,0.0
337,Ratnagiri,IN,2022-06-22 03:13:58,16.9833,73.3,78.31,86,100,8.66
338,Magan,ES,2022-06-22 03:17:49,39.9683,-3.931,61.32,59,7,13.24
339,Saint Anthony,US,2022-06-22 03:15:10,45.0205,-93.218,77.54,48,0,11.5
340,Uarini,BR,2022-06-22 03:17:50,-2.99,-65.1083,71.71,98,98,2.04
341,Acarau,BR,2022-06-22 03:17:50,-2.8856,-40.12,76.6,83,97,12.19
342,Hammerfest,NO,2022-06-22 03:17:50,70.6634,23.6821,43.25,87,100,4.61
343,Bogorodskoye,RU,2022-06-22 03:17:51,56.55,37.8833,52.72,87,99,7.14
344,Boyolangu,ID,2022-06-22 03:17:51,-8.1181,111.8935,82.0,71,61,10.78
345,Teya,RU,2022-06-22 03:17:51,60.3778,92.6267,75.45,29,0,6.98
346,Mogadishu,SO,2022-06-22 03:17:01,2.0371,45.3438,78.21,78,82,20.24
347,Haines Junction,CA,2022-06-22 03:17:52,60.7522,-137.5108,66.15,32,96,9.22
348,Mahajanga,MG,2022-06-22 03:17:52,-15.7167,46.3167,60.82,82,20,3.44
349,Merauke,ID,2022-06-22 03:17:53,-8.4667,140.3333,81.05,81,75,17.13
350,Saquena,PE,2022-06-22 03:17:53,-4.6667,-73.5167,72.1,94,91,1.97
351,Hailey,US,2022-06-22 03:17:53,43.5196,-114.3153,59.99,61,0,3.38
352,Camacha,PT,2022-06-22 03:17:54,33.0833,-16.3333,62.02,72,40,10.36
353,Cruz Alta,BR,2022-06-22 03:17:54,-28.6386,-53.6064,59.76,97,79,4.97
354,Nuuk,GL,2022-06-22 03:17:54,64.1835,-51.7216,34.41,93,75,5.99
355,Benghazi,LY,2022-06-22 03:17:55,32.1167,20.0667,74.52,72,0,10.07
356,Koshurnikovo,RU,2022-06-22 03:17:55,54.1667,93.3,69.94,55,1,3.47
357,Mouila,GA,2022-06-22 03:17:55,-1.8685,11.0559,67.55,91,41,1.07
358,Tiznit,MA,2022-06-22 03:17:56,29.5833,-9.5,59.45,84,43,2.73
359,Nanakuli,US,2022-06-22 03:17:56,21.3906,-158.1547,82.35,61,75,8.05
360,Arraial Do Cabo,BR,2022-06-22 03:17:56,-22.9661,-42.0278,70.66,91,0,23.17
361,Kysyl-Syr,RU,2022-06-22 03:17:57,63.8986,122.7617,74.17,30,35,4.94
362,Kantilo,IN,2022-06-22 03:17:57,20.35,85.1833,88.79,56,90,1.63
363,Waipawa,NZ,2022-06-22 03:18:57,-41.4122,175.5153,48.69,67,49,4.76
364,Sawtell,AU,2022-06-22 03:18:58,-30.3833,153.1,69.19,59,3,9.22
365,Victor Harbor,AU,2022-06-22 03:18:58,-35.5667,138.6167,60.01,87,100,1.01
366,Boshnyakovo,RU,2022-06-22 03:18:58,49.6333,142.1667,58.33,72,14,7.09
367,Nome,US,2022-06-22 03:18:59,64.5011,-165.4064,45.16,100,100,16.11
368,Matiri,TZ,2022-06-22 03:18:59,-10.75,34.9,52.68,77,11,2.71
369,Zlitan,LY,2022-06-22 03:18:59,32.4674,14.5687,70.02,75,0,8.16
370,De-Kastri,RU,2022-06-22 03:19:00,51.4667,140.7833,53.8,87,100,14.18
371,Kulhudhuffushi,MV,2022-06-22 03:19:00,6.6221,73.07,83.14,77,100,13.0
372,Ayolas,PY,2022-06-22 03:19:00,-27.4,-56.9,64.06,99,89,5.21
373,Rocha,UY,2022-06-22 03:17:27,-34.4833,-54.3333,49.17,81,99,13.38
374,Kruisfontein,ZA,2022-06-22 03:19:01,-34.0033,24.7314,54.32,79,100,5.23
375,Todos Santos,MX,2022-06-22 03:19:01,23.45,-110.2167,86.05,87,13,4.16
376,Kollam,IN,2022-06-22 03:17:50,8.8833,76.6,79.72,81,100,7.38
377,Tazmalt,DZ,2022-06-22 03:19:01,36.3868,4.3989,77.52,50,94,4.74
378,Camopi,GF,2022-06-22 03:19:02,3.1655,-52.3158,70.84,99,100,2.19
379,Kudahuvadhoo,MV,2022-06-22 03:19:02,2.6708,72.8944,83.12,72,100,10.56
380,Aras,ES,2022-06-22 03:19:02,42.5617,-2.356,59.41,77,49,5.75
381,Sinnamary,GF,2022-06-22 03:19:03,5.3833,-52.95,77.02,85,100,4.76
382,East Wenatchee Bench,US,2022-06-22 03:19:03,47.4257,-120.2812,78.08,41,84,1.99
383,Paamiut,GL,2022-06-22 03:19:03,61.994,-49.6678,36.28,92,34,19.75
384,Lokoja,NG,2022-06-22 03:19:04,7.8024,6.743,74.07,95,100,3.33
385,Filadelfia,US,2022-06-22 03:15:50,39.9523,-75.1638,73.71,72,0,4.61
386,Upington,ZA,2022-06-22 03:19:04,-28.4478,21.2561,52.18,93,75,9.22
387,Semey,KZ,2022-06-22 03:19:05,50.4111,80.2275,77.22,47,0,6.71
388,Kuminskiy,RU,2022-06-22 03:19:05,58.6667,66.5667,57.31,97,98,4.29
389,Kaura Namoda,NG,2022-06-22 03:19:05,12.5898,6.5779,81.18,55,91,7.31
390,Svobodnyy,RU,2022-06-22 03:19:06,51.4,128.1333,63.72,88,100,7.43
391,Ewa Beach,US,2022-06-22 03:19:06,21.3156,-158.0072,82.35,62,20,16.11
392,Frontera,MX,2022-06-22 03:19:06,26.9333,-101.45,88.32,45,51,5.99
393,Yatou,CN,2022-06-22 03:19:07,37.15,122.3833,82.53,57,60,15.93
394,Prince Rupert,CA,2022-06-22 03:14:18,54.3161,-130.3201,53.29,68,100,6.91
395,Sitka,US,2022-06-22 03:19:07,57.0531,-135.33,49.89,81,100,8.05
396,Biak,ID,2022-06-22 03:19:07,-0.9131,122.8766,81.5,74,100,7.61
397,Bereda,ES,2022-06-22 03:19:08,43.2686,-7.5406,56.41,100,95,1.5
398,North Battleford,CA,2022-06-22 03:17:01,52.7834,-108.2847,64.49,68,0,5.75
399,Zhigansk,RU,2022-06-22 03:19:08,66.7697,123.3711,62.44,57,100,9.6
400,Loudi,CN,2022-06-22 03:19:08,27.7344,111.9944,78.19,90,98,6.49
401,Harstad,NO,2022-06-22 03:19:09,68.799,16.5293,44.29,100,98,8.99
402,Bandarbeyla,SO,2022-06-22 03:19:09,9.4942,50.8122,79.27,67,93,29.26
403,Iqaluit,CA,2022-06-22 03:19:09,63.7506,-68.5145,40.73,75,0,2.3
404,Sechura,PE,2022-06-22 03:19:10,-5.5569,-80.8222,64.0,77,85,13.82
405,Sao Paulo De Olivenca,BR,2022-06-22 03:19:10,-3.3783,-68.8725,71.35,98,74,1.5
406,Ugra,RU,2022-06-22 03:19:11,54.7777,34.3267,51.94,97,100,9.13
407,Sobolevo,RU,2022-06-22 03:19:11,54.4299,31.8996,52.48,96,100,15.43
408,The Pas,CA,2022-06-22 03:19:11,53.8251,-101.2541,66.22,45,0,8.05
409,General Bravo,MX,2022-06-22 03:20:12,25.8,-99.1667,83.8,61,18,21.18
410,Burgersdorp,ZA,2022-06-22 03:20:12,-30.9977,26.3286,46.33,72,6,4.41
411,Nantucket,US,2022-06-22 03:16:39,41.2835,-70.0995,61.02,88,0,12.66
412,Tulun,RU,2022-06-22 03:20:12,54.5611,100.5792,66.31,51,0,5.84
413,Chizhou,CN,2022-06-22 03:20:13,30.6578,117.4831,87.8,64,68,14.03
414,Bima,ID,2022-06-22 03:20:13,-8.4667,118.7167,86.72,61,42,7.67
415,Sombrio,BR,2022-06-22 03:20:13,-29.1139,-49.6167,62.94,93,100,4.76
416,Langsa,ID,2022-06-22 03:20:14,4.4683,97.9683,85.14,65,100,2.48
417,Beian,NO,2022-06-22 03:20:14,63.6559,9.5683,48.29,81,75,3.44
418,Wangaratta,AU,2022-06-22 03:19:16,-36.3667,146.3333,48.47,99,100,0.0
419,Boa Vista,BR,2022-06-22 03:20:15,2.8197,-60.6733,75.18,88,20,3.44
420,Santa Teresa,VE,2022-06-22 03:20:15,10.2341,-66.6631,70.59,95,91,1.66
421,La Palma,US,2022-06-22 03:20:15,33.8464,-118.0467,85.51,68,40,6.91
422,Pokrov,RU,2022-06-22 03:20:16,55.92,39.1769,51.62,98,100,5.3
423,Sandwick,GB,2022-06-22 03:20:16,60.0,-1.25,49.82,100,100,12.66
424,Tual,ID,2022-06-22 03:20:16,-5.6667,132.75,81.64,79,65,19.28
425,Peachland,CA,2022-06-22 03:20:17,49.7665,-119.7357,70.66,78,100,1.99
426,Lagoa,PT,2022-06-22 03:20:17,39.05,-27.9833,63.66,86,74,15.79
427,Nizwa,OM,2022-06-22 03:20:17,22.9333,57.5333,87.71,42,0,1.97
428,Asyut,EG,2022-06-22 03:20:17,27.181,31.1837,74.46,48,0,10.69
429,Byron Bay,AU,2022-06-22 03:20:18,-28.65,153.6167,71.94,54,0,8.32
430,Wajima,JP,2022-06-22 03:20:18,37.4,136.9,84.88,65,75,3.44
431,Birjand,IR,2022-06-22 03:20:19,32.8663,59.2211,68.47,22,0,11.5
432,Kota Belud,MY,2022-06-22 03:20:19,6.351,116.4305,84.4,69,100,3.44
433,Vyazma,RU,2022-06-22 03:20:19,55.2104,34.2951,51.06,96,100,10.36
434,Sept-Iles,CA,2022-06-22 03:20:20,50.2001,-66.3821,48.06,91,100,4.61
435,Chirilagua,SV,2022-06-22 03:20:20,13.2203,-88.1386,73.15,95,100,2.93
436,Ust-Tsilma,RU,2022-06-22 03:20:20,65.441,52.1498,47.46,66,88,10.65
437,Betioky,MG,2022-06-22 03:20:21,-23.7167,44.3833,58.3,92,0,8.66
438,Atikokan,CA,2022-06-22 03:20:21,48.7555,-91.6216,60.42,83,8,14.63
439,Naryan-Mar,RU,2022-06-22 03:20:21,67.6713,53.087,42.73,76,100,15.57
440,Mount Gambier,AU,2022-06-22 03:20:22,-37.8333,140.7667,57.92,81,100,6.76
441,Contamana,PE,2022-06-22 03:20:22,-7.3333,-75.0167,77.65,69,97,1.45
442,Raton,US,2022-06-22 03:18:09,36.9034,-104.4391,57.54,94,0,0.0
443,La Ronge,CA,2022-06-22 03:20:22,55.1001,-105.2842,70.02,32,20,4.61
444,Upernavik,GL,2022-06-22 03:20:23,72.7868,-56.1549,34.14,99,100,8.79
445,Sola,VU,2022-06-22 03:20:23,-13.8833,167.55,75.87,94,100,5.75
446,Thinadhoo,MV,2022-06-22 03:20:23,0.5333,72.9333,84.0,71,100,10.56
447,Lingao,CN,2022-06-22 03:20:24,19.9103,109.6859,89.49,61,100,5.37
448,Umm Kaddadah,SD,2022-06-22 03:20:24,13.6017,26.6876,84.6,46,12,9.01
449,Erenhot,CN,2022-06-22 03:20:24,43.6475,111.9767,73.42,45,72,2.68
450,Freeport,US,2022-06-22 03:20:25,40.6576,-73.5832,69.19,86,100,6.91
451,Komsomolets,KZ,2022-06-22 03:20:16,53.7453,62.0708,62.11,70,31,16.44
452,Viedma,AR,2022-06-22 03:20:25,-40.8135,-62.9967,39.52,72,82,4.88
453,Bangkal,PH,2022-06-22 03:20:26,6.0667,121.0667,85.53,64,87,2.1
454,Karlskoga,SE,2022-06-22 03:20:26,59.3267,14.5239,58.39,98,100,5.26
455,Tourlaville,FR,2022-06-22 03:20:26,49.6383,-1.5664,58.42,94,60,8.05
456,Two Rivers,US,2022-06-22 03:20:27,44.1539,-87.5693,86.49,54,40,8.05
457,Berekum,GH,2022-06-22 03:21:27,7.4534,-2.584,69.28,99,100,4.18
458,Wukari,NG,2022-06-22 03:21:27,7.85,9.7833,72.77,95,100,3.56
459,Poretskoye,RU,2022-06-22 03:21:28,55.1974,46.3291,56.25,84,100,4.25
460,Binzhou,CN,2022-06-22 03:21:28,37.3667,118.0167,100.78,23,84,12.39
461,Salaya,IN,2022-06-22 03:21:28,22.3167,69.6,88.09,57,95,10.8
462,San-Pedro,CI,2022-06-22 03:21:29,4.7485,-6.6363,73.58,93,100,1.88
463,Porosozero,RU,2022-06-22 03:21:29,62.7191,32.727,50.07,75,39,1.21
464,Necochea,AR,2022-06-22 03:21:29,-38.5473,-58.7368,42.8,53,45,12.03
465,College,US,2022-06-22 03:21:29,64.8569,-147.8028,74.89,49,75,9.22
466,Anchorage,US,2022-06-22 03:17:01,61.2181,-149.9003,74.41,46,20,12.66
467,Niono,ML,2022-06-22 03:21:30,14.2526,-5.993,86.97,47,5,6.89
468,Yueyang,CN,2022-06-22 03:21:30,29.3333,113.0919,82.9,80,78,17.83
469,Sudak,UA,2022-06-22 03:21:31,44.85,34.9667,68.09,81,13,13.18
470,Souillac,MU,2022-06-22 03:21:31,-20.5167,57.5167,62.98,88,40,4.61
471,Henties Bay,NA,2022-06-22 03:21:31,-22.116,14.2845,54.01,74,0,4.79
472,Balkanabat,TM,2022-06-22 03:21:32,39.5108,54.3671,88.05,18,0,25.55
473,Ryotsu,JP,2022-06-22 03:21:32,38.0833,138.4333,75.88,69,92,4.07
474,Villamontes,BO,2022-06-22 03:21:32,-21.25,-63.5,67.95,62,94,2.35
475,Santa Cruz,BO,2022-06-22 03:19:47,-17.8,-63.1667,74.66,73,60,13.8
476,Hamilton,US,2022-06-22 03:18:40,39.1834,-84.5333,79.65,71,0,8.05
477,Xingyi,CN,2022-06-22 03:21:33,24.1877,102.817,73.24,70,95,7.36
478,Bud,US,2022-06-22 03:21:33,39.447,-86.1758,79.92,69,0,7.52
479,Jasper,US,2022-06-22 03:20:11,37.2001,-94.3502,82.99,73,0,6.91
480,Simao,CN,2022-06-22 03:21:33,22.7886,100.9748,71.73,87,98,3.8
481,Piacabucu,BR,2022-06-22 03:21:34,-10.4056,-36.4344,74.79,87,18,9.71
482,Ankola,IN,2022-06-22 03:21:34,14.6667,74.3,77.61,89,100,6.51
483,Kencong,ID,2022-06-22 03:21:34,-8.2833,113.3667,82.78,65,11,3.18
484,Chernenko,RU,2022-06-22 03:21:35,44.365,39.3103,63.77,93,99,0.09
485,Chishan,TW,2022-06-22 03:21:35,22.6392,120.3565,91.35,68,40,10.36
486,Kozulka,UA,2022-06-22 03:21:35,50.0351,23.797,52.52,73,73,13.71
487,Hualmay,PE,2022-06-22 03:21:36,-11.0964,-77.6139,61.86,81,78,8.77
488,Itaqui,BR,2022-06-22 03:21:36,-29.1253,-56.5531,61.12,97,94,7.29
489,Kochubey,RU,2022-06-22 03:21:36,44.3861,46.5825,70.86,78,100,5.21
490,Turbat,PK,2022-06-22 03:19:30,26.0023,63.044,90.63,37,2,3.6
491,Alta,NO,2022-06-22 03:21:37,69.9689,23.2717,43.86,84,100,12.66
492,Usinsk,RU,2022-06-22 03:21:37,65.9939,57.5281,49.24,79,100,17.38
493,Vrangel,RU,2022-06-22 03:21:37,42.7297,133.0839,60.51,99,100,11.48
494,Stevens Point,US,2022-06-22 03:21:38,44.5236,-89.5746,77.79,66,0,5.75
495,Lamar,US,2022-06-22 03:21:38,33.6668,-95.5836,83.64,69,0,5.75
496,Newark,US,2022-06-22 03:21:38,40.7357,-74.1724,69.28,87,75,5.75
497,Basco,PH,2022-06-22 03:21:39,20.4487,121.9702,86.09,75,23,13.62
498,Palauig,PH,2022-06-22 03:21:39,15.435,119.9045,86.45,69,38,6.85
499,Poya,NC,2022-06-22 03:21:39,-21.35,165.15,73.06,56,100,8.28
500,Bafra,TR,2022-06-22 03:21:40,41.5678,35.9069,67.86,69,63,7.23
501,Arman,RU,2022-06-22 03:21:40,59.7,150.1667,59.02,84,100,6.38
502,Tura,IN,2022-06-22 03:21:40,25.5198,90.2201,81.43,74,53,4.09
503,Tingi,TZ,2022-06-22 03:21:41,-11.3,35.0333,53.35,85,7,3.18
504,Havoysund,NO,2022-06-22 03:21:41,70.9963,24.6622,44.83,85,100,10.04
505,Morro Bay,US,2022-06-22 03:19:38,35.3658,-120.8499,79.18,61,1,1.01
506,Krasnoselkup,RU,2022-06-22 03:22:42,65.7,82.4667,79.03,46,20,13.24
507,Nishihara,JP,2022-06-22 03:22:42,26.1842,127.7558,87.85,79,20,13.8
508,Barreirinhas,BR,2022-06-22 03:22:42,-2.7469,-42.8264,74.57,88,93,2.53
509,Douglas,US,2022-06-22 03:22:43,41.3,-96.167,77.32,58,0,6.91
510,Kempele,FI,2022-06-22 03:22:43,64.9131,25.5034,57.22,82,0,5.75
511,Vilhena,BR,2022-06-22 03:22:43,-12.7406,-60.1458,65.41,61,65,3.31
512,Mahdasht,IR,2022-06-22 03:22:44,35.7299,50.8111,82.62,20,0,4.61
513,Brookings,US,2022-06-22 03:18:33,44.3114,-96.7984,69.39,65,0,6.91
514,Constitucion,CL,2022-06-22 03:22:44,-35.3333,-72.4167,51.28,81,97,7.76
515,Road Town,VG,2022-06-22 03:22:44,18.4167,-64.6167,78.89,73,50,12.44
516,Cassilandia,BR,2022-06-22 03:22:45,-19.1133,-51.7342,69.08,57,0,3.74
517,Burnie,AU,2022-06-22 03:22:45,-41.0667,145.9167,55.13,80,30,6.26
518,Atar,MR,2022-06-22 03:22:23,20.5169,-13.0499,86.95,53,61,1.81
519,Uttarkashi,IN,2022-06-22 03:22:45,30.7333,78.45,80.96,43,0,3.53
520,Manbij,SY,2022-06-22 03:22:46,36.5281,37.9549,67.66,76,4,21.79
521,Lafiagi,NG,2022-06-22 03:22:46,8.8667,5.4167,74.05,94,100,3.71
522,Boende,CD,2022-06-22 03:22:46,-0.2167,20.8667,70.59,97,90,2.13
523,Ternate,ID,2022-06-22 03:22:47,0.8,127.4,85.24,66,5,1.21
524,Noumea,NC,2022-06-22 03:22:47,-22.2763,166.4572,75.0,99,100,9.57
525,Qovlar,AZ,2022-06-22 03:22:47,40.948,45.735,69.73,76,9,5.68
526,Tuy Hoa,VN,2022-06-22 03:19:54,13.0833,109.3,91.69,52,69,4.27
527,Weston,US,2022-06-22 03:22:48,26.1004,-80.3998,82.02,82,20,6.91
528,Cermik,TR,2022-06-22 03:22:48,38.1361,39.4493,68.97,61,91,4.18
529,Kendari,ID,2022-06-22 03:19:47,-3.945,122.4989,77.22,91,100,0.76
530,Nasice,HR,2022-06-22 03:22:49,45.4886,18.0878,62.94,84,99,2.95
531,Tupik,RU,2022-06-22 03:22:49,54.4253,119.9327,56.03,98,100,5.77
532,Quang Ngai,VN,2022-06-22 03:22:49,15.1167,108.8,95.27,45,99,3.62
533,Ahuimanu,US,2022-06-22 03:22:49,21.4447,-157.8378,82.11,71,75,16.11
534,Pokhara,NP,2022-06-22 03:22:50,28.2333,83.9833,79.45,70,20,3.65
535,Adre,TD,2022-06-22 03:22:50,13.4667,22.2,76.15,57,23,4.45
536,Teahupoo,PF,2022-06-22 03:22:50,-17.8333,-149.2667,75.16,73,48,13.31
537,Iwaki,JP,2022-06-22 03:22:51,37.05,140.8833,77.77,80,100,3.0
538,Namatanai,PG,2022-06-22 03:22:51,-3.6667,152.4333,84.94,65,100,5.39
539,Alofi,NU,2022-06-22 03:22:51,-19.0595,-169.9187,78.69,89,76,10.36
540,Kyra,RU,2022-06-22 03:22:52,49.5776,111.9753,73.69,42,14,2.98
541,Hedaru,TZ,2022-06-22 03:22:52,-4.5,37.9,60.73,98,36,4.63
542,Oistins,BB,2022-06-22 03:22:52,13.0667,-59.5333,80.69,83,40,16.11
543,Verkhneye Kazanishche,RU,2022-06-22 03:22:53,42.7355,47.1378,61.66,80,53,3.27
544,Ganta,LR,2022-06-22 03:22:53,7.3022,-8.5308,68.47,99,100,0.6
545,Kraslava,LV,2022-06-22 03:22:53,55.8951,27.168,48.02,93,91,7.29
546,Nayoro,JP,2022-06-22 03:22:54,44.3506,142.4578,77.11,51,96,2.98
547,Yuzhnouralsk,RU,2022-06-22 03:22:54,54.4418,61.2536,60.89,74,94,15.59
548,Toulon,FR,2022-06-22 03:22:54,43.1167,5.9333,74.61,85,95,9.22
549,Talara,PE,2022-06-22 03:20:40,-4.5772,-81.2719,63.81,85,31,13.38
550,Karlshamn,SE,2022-06-22 03:22:55,56.1706,14.8619,56.91,87,77,5.99
551,Kalat,PK,2022-06-22 03:23:55,29.0225,66.5916,66.52,19,0,12.66
552,Iskateley,RU,2022-06-22 03:23:55,67.6803,53.1512,42.51,76,100,15.68
553,Tchollire,CM,2022-06-22 03:23:56,8.4022,14.1698,69.55,93,90,3.44
